cleaned_text,label
narasi tito karnavian ideologi komunis sekolah partai komunis china beijing tito karnivan beridiologi komunis pki sekolah partai komunis china baijing,1
anies berat berat kerja ringan kerja berat berat kerja ringan kerja,1
hindu india lempar patung buat laut tolong corona hindu india lempar patung buat laut laku bela virus corona maha suci allah tuhan semesta alam,1
rscm praktek sedot plug venasaluran darah rscm praktek sedot plug sumbat venasaluran darah jantung pake ring bypass moga teknologi bawa khabar gembira yg deteksi sumbat jantung koroner pasang ring operasi,1
mohon longgar angsur ojk dar info yg ansurancicilan longgar leasingpembiayaan silah aju kantor ojk otoritas jasa uang proses online aju padat silah aju tgl mei aju silah hub insya allah longgar bayar ansurancicilan sy harap bantu share menbantu saudara wabah corona blm stabil terimah kasih,1
aksi bem sejabotabek assalamua  laikum warahmatullahi wabarakatuh lihat tv ndak ini lihat sosmed ajakita viralkan,0
sinar kosmik bahaya radiasi malam pasti mati telepon tv singapura umum berita tolong lepas baca lindung beritahukan kerabat kasih temanteman malam bahaya radiasi sinar kosmik lewat bumi mati ponsel biar ponsel tubuh sebab rusa jaring tubuh silah cek google nasa bbc news tebar pesan peduli src spaceweathercom,1
smkn klarifikasi perihal kabar viral pasang foto presiden joko widodo lokasi smkn jakarta utara sekolah negeri pasang foto presiden  mohon viralkan pasang foto presiden sang kepala sekolah proses hukum,0
buat ktp orang gila ambisi kuasa parah paksa wajar ambisi kuasa buat ktp orang gilabeneran bekas,1
daniel radcliffe positiv infeksi corona covid breaking daniel radcliffe test posotive for coronavirus the actor is said to be the first famous person to publicly confirmed,1
big data cyber security indonesia pasang informasi lupa system bdcs big data cyber security indonesia sdh pasang susul rencana wantanas ri dewan tahan nasional yg ambil informasi internet indonesia,0
rakyat jokowi jusuf kalla adegan kamera eheum eheum rakyat kamera aktion sempurna,1
sms hadiah lazada birthday lazadabirthday jualbeli online no ucap selamat t  pilih menang jutawan rp jt id mpad birthday th lazada info,1
takbir larang kota bandung astaghfirullah takbir larang bakar lilin izin sholat larang biar terus ya allah tinggal negara minoritas muslim umat islam mayoritas sedih liat nya,0
kota cirebon lockdown besok kota cirebon lockdown sekat titik kalijaga ciperna tangkil kedawung beritahu kerabatsodara yg diberitahu dapet info barangkali manfaat,1
afi nihaya faradisa laku plagiat edar postingan afi plagiat tulis page facebook lembaga lindung konsumen celebes,0
foto sinden sinden ngakunya sih asli jawa bo  ong,1
tuding sprindik palsu fredrich yunadi kpk klarifikasi juru bicara kpk febri diansyah  mengadaada sprindik asli sah pisah proses sidi kemarin ,0
edar cpns media sosial edar cpns media sosial,0
festival layanglayang kpubawaslu sosialisasi pilkada depok langit demokrasi kota depok sosialisasi pilkada festival layanglayang,0
ponpes batabata pamekasan dukung khilafah ganti pancasila unggah judul  ulama muda asuh bata bata tuju gera politik idiologi ganti presiden ganti pancasila khilafah dukung,0
video jokowi sebab corona tembus ribu gak tau gmana bikin solusi pantesan liat sibuk krn gak tau ap yg hrs d kerja,1
ungkap hati bj habibie akhirat realita  bj habibie nol  bangga dunia  ungkap hati bj habibie akhirat bikin merinding,1
yusril ihza mahendra menang gugat hti perintah yusril ihza mahendra menang gugat hti perintah,1
ton telur bansos pemprov jabar busuk gudang simpan bulog garut bantu sembako beras mie instan telur vitamin minyak sayur gula terigu tahan gudang bulog garut simpan gudang distribusi ton telur busuk ganti proses distribusi,1
gambar pria yaman hubung seks kambing tangkap polisi astaga apa yg kau buat zik hik hik hiksungguh malu,1
imbau walikota solo beli tiket kebun binatang jurug kelola sanggup makan binatang walikota solo menghimbau paksa beli ticket bonbin jurug hrg nya lembar rb aja sp kelola tdk sanggup makan binatang bonbin spt harimau singa buaya dll tdk unjung masa covid monggo daftar tabur besok tuai,1
personil polres rok hulu fredi wesley tulis komentar hasut akun nama fredi wesley foto profil personel polres rok hulu tulis komentar status bau sara ujar benci,0
webinar generasi milenial cegah atas virus corona minggu april simak,1
surat mengatasnamakan deputi bpom kait iklan ucap ultah bpom kepala seksi sidi bpom surabaya siti amanah minta iklan ucap hut bpom usaha,0
lampu bendera lebanon nyala piramida mesir lampu bendera lebanon nyala piramida mesir solidaritas musibah ledak guncang kota beirut menteri pariwisata antik mesir bagi fotofoto facebook piramida belasungkawa lebanon duniaislam iniwstudies beritaduniaislam beritaterkini,0
informasi cetak kartu utbk juni halo calon mahasiswa indonesia catat ya guys biar gak senin juni sila cek portalltmptacid mendownload kartu utbk terima kasih share tau  semangat jaga sehat ,1
cengarcengir selfie warga jakarta banjir cengar cengir selfie warga jakarta banjir,1
masjid raya dki simbol bintang david yahudi masjid raya dki simbol bintang david yahudi,1
akun facebook donasi anak derita kanker tulang bpk presiden ri tolong anak kakak idap kanker tulang biaya operasi tahan sakit menang habis biaya obat kesana kemari kunjung da hasil dokter ambil tindak bedah paha kanan nya tolong orang susah pakk orang susah rumah sakit layan tolong tolong kasihan kadang malam paha gerogot dalam gigil tahan sakit,0
nusron wahid ludah serta aksi orang nusron wahid  serta aksi ribu orang ludah muka,1
mata uang rupiah puruk rabu nilai tukar rupiah puruk lewat rp dolar as,1
perintah stop layan krl mrt lrt transjakarta jabodetabek april news update perintah stop layan krlmrtlrttransjakarta tutup terminal jabodetabek april sumber ig depokjam,1
soda kue campur madu sembuh kanker soda kue madu kanker lenyap,1
foto mobil esemka bahan dasar kayu grup tinggalin dlu pokus pilkada solo,1
suara sumbang korona harus penjara suara sumbang korona harus penjara kompas tv ros live agustus wib simak,1
video doa imam masjidil haram mekah assyeikh suda musibah virus corona doa assyeikh suda imam masjidil haram mekah musibah virus corona landa umat mari aamiin doa sama sebar,1
presiden israel ancam indonesia jadi indonesia palestina viral presiden israel ancam indonesia,1
info mutih surat izin kemudi april mutih sim mati gol ab c polwil laku tanggal desember sd januari tolong bantu share ya milik sim mati baru menggulang tes laku indonesia,1
tulis cocacola hina nabi muhammad gambar grafis logo cocacola balik bahasa arab  la mohammad la mecca  no muhammad no makkah,1
krupuk babi ber label halal tugas wapres apasih,1
foto perempuan jilbab aksi bela islam bawa poster ahok lawan foto perempuan jilbab aksi bela islam bawa poster  ahok lawan ,1
foto biksu burma bakar anakanak ga foto biksu burma saverohingya,1
denda rp ribu razia masker tanggal juni woro  woro assalamu  alaikum wr wb mohon ijin masyarakat senin besok tgl juni pemda kendal laksana razia pakai masker dlm rangka laksana protokol sehat guna jln raya skala camat langgar kena sangsi sosial,1
dr tompi jg sen box bu dr tompi jg sen box bu,1
terima mahasiswa ui jalur mtq talent assalamu  alaikum yg anak adik ponakan saudara kelas sma yg hafidz juz yg masuk ui ui qur  an center nyari calon mahasiswa yg rekomendasi rektor masuk jalur khusus mtq talent kalo sila hubung sdri haifa terima kasih,1
bahaya makan anak kinder joy sebab kanker stop makan kinderjoy,1
tangkap sangka teroris temu bom bekas usaha alih isu tangkap sangka teroris temu bom bekas usaha alih isu,0
anies baswedan bantah sudirman said wakil gubernur dki jakarta ban tulis kemarin kirim teks langsung pemrednya tulis salah media fiktif  gubernur dki jakarta anies baswedan selasa,0
tempel jabat helm proyek aniessandi tempel jabat helm proyek aniessandi,1
akun instagram pinjam online ojk otoritas jasa uang butuh dana cepat modal usaha jt sd jt,0
obat virus corona temu bahan lemon teh hangat orang arab palestina santai virus palestina orang minum gelas air panas campur lemon malam bukti bunuh virussubhanallah bagi keluarga teman mudah infeksi virus,1
tim olimpiade sains nasional jabar lantar riau wakil jawa barat olimpiade sains nasional pekanbaru antar bandara pakai angkot uang saku ribu orang ribu kalo anakanak juara olimpiade sains ribut nampang muka aku berkat jasa perintah jawa barat anggap sains peduli setan aset bangsayang bangun masjid trilyun selesai do  a lupa makan sosis minum gambar badaknyaaa ,0
hut garuda indonesia bagibagi tiket gratis raya ulang tiket pesawat gratis,1
nikah gratis hotel trans bandung nikah gratis hotel trans bandung tgl nopember pasang pengantin fasilitas mas kawin rrias pengantin bbiaya daftar nikah kuauang saku jamu hidang rp porsi biaya tanggung tabarru dr kuwaitbagi yg minat daftar masjid trans studio jl gatot subroto bdg dg bawa fotocopy ktp kk hubung bpk h maman tolong sebar barangkali sanak saudara tetangga yg butuh jazakumulloh khoiron katsir,1
foto gubernur dki jakarta hilang kisruh ppdb jakarta hilang gubernur dki konpers mulu dadak mana kisruh ppdb dki cari ribu orang tua siswa muncul,1
artikel akal pendek obral aset bangsa tulis akbar faisal anggota dpr ri fraksi partai nasdem gila bandara soekarnohatta ikon bangga pintu gerbang indonesia lego,0
jalan layang tendean ciledug rusak kepala dinas bina marga dki jakarta yusmada fizal  istilah reta viral whatsapp keliru garis reta celah sambung delatasi ,0
atlet karate jilbab larang tanding kompetisi karate sejatim mayoritas minoritas jumat desember magetan aulia ikut lomba karate sejatim gor magetan siswi smpit harap umat ngawi kena sabuk biru aulia siswa jilbab jelang tanding juri periksa calon serta juri serta buka jilbab,0
video demo tka china morowali fakta rakyat cemburu marah rakyat butuh kerja perintah biar jadi,1
liput media acara diskusi publik mafindo mitigasi hoaks covid mafindo hoax corona bahaya virus,0
kominfo bantah bocor anggar asi games rp juta asi games nyata saudara jajang nurjaman potensi rugi negara banding harga tawar pt indoad pt bee work pariwara relevan  plt kepala biro humas kominfo noor iza selasa,0
konvoi mobil militan isis hujan bom pesawat tempur iraq konvoi mobil militan isis hujan bom pesawat tempur iraq,1
gambar judul artikel judul sewa va kader pks kualitas kader partai bas islam,1
istana lock down daerah kepala daerah atur kena sanksi istana lock down daerah kepala daerah atur kena sanksi tegur hukum indispliner presiden tegur keras kepala daerah,0
donald trump umum roche medical company luncur vaksin covid juta dosis minggu vaksin virus corona trump umum roche medical company luncur vaksin minggu juta dosis main selesai now direct announced that roche medical company will launch the vaccine next sunday and millions of doses are ready from it the end of the play ,1
jonru ginting vonis denda m sidang praperadilan jon riah ukur alias jonru komentar netizien sidang langsung pon dukung kewalahan wakil kejat dki mohon bawa surat kuasa,1
temu listrik naufal rizky peduli jokowi peduli jokowi brunei turki rebut bocah aceh dunia,1
uang nkri edisi hasil palsu heboh genap tahun uang nkri edisi hasil palsu ciricirinya,1
foto jokowi sih apa laku salah mata sih apa laku salah mata,1
desain interior langitlangit bandara kertajati lambang iluminati bandar udarah internasional jawa barat kertajati ada sama lambang dajjal maaf bentuk waspada zaman,0
lowong kerja bank bni bank bni buka lowong kerja kualifikasi,1
adidas tawar sepatu gratis tshirt masker wow adidas tawar sepatu gratis tshirt masker orang dapat milik gratis,1
habibie donor mata anak thareq habibie donor mata anak thareq,1
prabowo tuju hasil quick count pilpres ucap selamat jokowi prabowo subianto ucap selamat jokowi temu rumah sumitro,1
salah akibat efek sebar informasi benar salah akibat efek sebar informasi benar,1
tuduh konspirasi pistol pakai teroris bom sarinah senjata pakai teroris sarinah tuduh asal militer perintah,1
tangkap layar hasil sunting berita kompas bawaslu lolos caleg eks koruptor orangorang bawaslu dimatamatai jam gelagat keri,0
festival durian klaten jawa ribu makan durian puas on the spot lokasi festival khawatir habis stok durian limpah ruah unjung belah duriah siaga tugas stand visitklaten ayomakanduren,1
sunita williams wanita india pergi mualaf astronot wanita mu  alaf,1
ratus ribu tahan satu aktivis islam bebas wabah covid jahat bebas jahat begal manamencari sempat covid ratus ribu tahan aneka jahat satu aktivis islam bebas,1
ahok niat bangun masjid naik haji marbut ahok niat bangun masjid naik haji marbut,0
selebaran waspada culik edar medsos isu culi rebak masyarakat jejaring media sosial medsos sebar selebaran mengatasnamakan institus polri,0
satgas covid kabupaten pangkep semprot jemaah shalat tarawih masjid sp tanggung in shalat semprot area sanrangan adkabar shalat semprot ad kbijakan slesai shalat bru semprot in shalat semprot,1
kabar kini india landa badai tornado kabar kini india landa badai tornado azab allah nyata,1
bill gates cuit idul adha akun twitternya tweet benci muslim yg sembelih hewan juta hewan bunuh kfc mcdonalds burger king dll makan orangorang kaya oleh buanyak uang daripada ied umat muslim kurban makan orangorang miskin gratis hilang akal sehat,0
sindir jokowi hotman paris prabowo rebut tanah asing sindir jokowi hotman paris prabowo rebut tanah asing,1
laku culi anak anak bunuh mayat jadi tumbal jembatan  laku culi anak anak bunuh mayat jadi tumbal jembatan tolong bagi postingan teman teman keluarga yg luang detik komen aamiin moga keluarga saudara saudara jauh jahat culik anak anak aamiin klik bagi selamat nyawa ribu anak ,1
terap ganjil genap motor juli dishub dki jakarta kaji skema ganjil genap sepeda motor,1
jelas lengkap kait miftahul jannah diskualifikasi asi games hijab jelas lengkap kait miftahul jannah diskualifikasi asi games hijab,0
astaghfirullah lanjur makan mie samyang astaghfirullah lanjur makan mie samyang,1
viral uang nasabah raib bas juta bri tanggap corporate secretary bri bambang tribaroto  bri hubung nita yuliastuti klarifikasi mohon maaf hasil selesai pemngaduan ,1
ragu jokowi alumni ugm jokowi alumnus gajah mada gajah duduk gajah nungging gajah mungkur teman angkat teman angkat jokowi mati jokowi mahasiswa tunggal ya,1
era jokowi ahok jamur psk cina jakarta raup rp miliarbulan era jokowi  ahok jamur psk cina jakarta raup rp miliarbulan,0
ellen degeneres bagi bantu virus corona facebook my name  ellen degeneres  because bronze corona virus i want to help facebook first user members  tell me how much money do you need now choose the first letter of your name and you will receive a gift of your choice,1
korlap fpi banjir jakarta air mata malaikat jatuh malaikat haru alumni sholat massal monas korlap fpi banjir jakarta air mata malaikat jatuh malaikat haru alumni sholat massal monas ,0
polri luncur aplikasi polisi markas polisi republik indonesia divisi teknologi informasi div ti polri luncur aplikasi bas android ios nama  polisi  aplikasi tanam smartphone android ios apple phone tuju mudah layan polri,0
syiah usaha bakar kabah kabar baru saudara yg saudiada usaha bakar ka  bah syiah iran bensin shalat subuhalhamdulillah ketangkepya allah lindung saudara islam makkah ketik aamiin n share yg doa,1
kpk bantah keluar file bentuk pdf isi namanama calon kepala daerah duga libat korupsi kpk proses calon kepala daerah tegas uu atur wenang kpk memperoses selenggara negara,0
tetap program prioritas bangun tni panglima tni marsekal had tjahjanto panglima tni marsekal had tjahjanto tetap program prioritas bangun tni sebelas program prioritas rangka bangun tni liput ,1
bro boss mayapada kucur dana mill dana sosial bro boss mayapada kucur dana mill dana sosial kegubenur yg dilantikinilah main cantik politik tingkat uang tdk ras,1
obat avigan pes jokowi obat bunuh janin obat bunuh janin beli juta karton rakyat benar nya niat tulus rezim kuasa obat kepenigin genocidepembunuhan massive juta bayi indonesia terus bangsa,1
video rezim paksa kyai utk suntik dgn dalih utk tahan tubuh viruskyai banten tolak cepat lambat program rezim utk ketes covid kyai sudh laku rezim paksa kyai utk suntik dgn dalih utk tahan tubuh viruskyai banten tolak,1
prabowo subianto alami stroke kali putus keluarga prabowo nyapres logis kondisi sehat prabowo fit alami stroke kali stroke pilpres prabowo tdk terima kalah curang habis puluh juta suara palsu,1
patrialis akbar tangkap kpk rumah kos mewah tamansari jakarta barat kpk tangkap patrialis akbar rumah kos mewah,0
maruf amin buzer rp pelihara negara anak lantar fakir miskin pelihara tetangga kuncen surga neraka buzer rp pelihara negara anak lantar fakir miskin pelihara tetangga kuncen surga neraka ma  ruf amin,1
pln bantah informasi tenggat bayar listrik maju tanggal bulan info bln maret bayar tagih pln maju lambat tgl maju tgl bayar tgl sdh kena denda mohon bantu share kpd keluarga tetangga teman indah bagi,1
sandiaga uno ancol orang kaya wakil gubernur dki jakarta sandiaga uno singgung rencana gratis biaya masuk pantai ancol temu manajemen pt jakarta tourisindopt bangun jaya ancol temu khusus bahas sektor pariwisata kota,0
isi nitrogen murni ban mobil untung kendara hati mngisi tekan ban nulis utk mati business pngisian ban pompa bensin gambar yg upload  mngajak poro dulur hati stasiun pngisian nitrogen skrg mnjamur pompa bensin mana dn bbrp tringat ttg isi,1
foto struk beli bahan bakar minyak harga kali lipat mahal selamat pagi sahabat polda papua,0
putus mahkamah konstitusi kait pilkada sampang mohon ijin lapor kamis tanggal agustus wib ruang sidang mahkamah konstitusi ri jl merdeka barat no jakarta pusat laksana sidang,0
bahaya obat bius wanita progesterex edar obat yg nama  progesterex  obat pil yg sterilisasi obat pakai perkosa raya pesta pub discotique raya reuni dsbnya perkosa sterilisasi korban,1
sumber pecah gera tiganti  sumber pecah gera  an tiganti ,1
sandal tulis huruf arab ayat alquran sandal tulis huruf arab ayat alquran,1
kait mistis batu susun rapi sungai cidahu hancur kait mistis batu susun rapi sungai cidahu hancur,1
surat undang doa mengatasnamakan gubernur jawa timur virus covid jawa timur alami peningatansegala upaya cegah tangan laku maksimal karenanyakami ajak doa musibah covid cepat harap hadir bapakibu asuh pesantren sejawa timur rangka giat do  a selenggara,1
akun faizal muhammad tonong rawan aniessandi akun nama faizal muhammad tonong rawan aniessandi tuduh nama ainun najib bobol hacker bobol situs kpu,1
juta produksi rokok papar covid edar luas masyarakat juta produksi rokok papar covid edar luas masyarakat pabrik rokok papar virus corona pabrik rokok sampoerna infeksi covid,1
inggris rusuh akibat lockdown inggris rusuh akibat lockdown rakyat lapar tindak brutal jarah mana isi perut lapar,1
pasien positif corona aceh aceh corona orang trserang sembuh pulang rsaceh no dunia tak biar masjid sepi aceh percaya mati tangan allah swt,1
keluarga mayit tutup tulis tauhid persekusi banser karena banyak persekusi kalimat tauhid banser keluarga mayit tutup tulis tauhid keranda jenazah takut rombong mayit persekusi banser,1
pertamina bantah langka elpiji padang kembang isu langka masyarakat acu data stok harga ecer keliru pertamina jamin stok sedia sesuai het tingkat pangkal ecer distributor resmi elpiji kg jadi patok,0
pasang kakek nenek wafat mek haji innalillahi wa inna illaihi roji  un tinggal mekah suami istri yg pakai kursi roda dorong tdk pisah subhanallah terenyuh hati yaw sungguh besar allah swt,1
sekolah sman rambah hilir riau wajib siswi non muslim pakai jilbab siswi kristen wajib pakai jilbab riau,1
foto ledak dahsyat beirut gudang simpan ton amonium nitrat ledak dahsyat beirut lokasi jadi gudang simpan ton amonium nitrat,1
minum air es cuaca panas alami pecah buluh darah minum air es cuaca panas sebab pecah buluh darah mikro,1
foto ektp milik warga cina cianjur nama guohui chen nyoblos pilpres juta wna china yg siap coblos dlm pilpres nanti pantesan sosialis coblos bahasa mandarin,1
outbreakwabahkejadian japanese encephalitis bal berita media daring australia kabar indonesia hadap tingkat sakit japanese encephalitis je bal acu berita tiga media daring situs travel warning australia,0
juni tibatiba libur juni tibatiba libur okt sakti pancasila tibatiba hilang kalender,1
hubung intim malam jumat sunah rasul hubung intim malam jumat sunah rasul,1
perintah naik harga bbm biaya stnk biaya bpkb perintah naik harga bbm pajak kendara motor stnk bpkb naik,1
remaja tewas main game jam sd sekira wib salah rumah jln mustika bumi sooko permai bsp lantai dua pakai game on line main game on line tinggal dunia,1
minoritas muslim siksa otoritas militer myanmar nasib generasi muda minoritas muslim myanmar aniaya siksa agama islam hadir acara halaqoh takhfidzul alquranul karim bajar peristiwa yg keri timpa negeri kapir kuasa habis riwayat akibat genosida buat,1
ular raksasa dalam kalimantan an aerial photograph that appears to show a gigantic snake swimming along the remote waterway has emerged sparking great concern among local communities,1
ganja tangkal covid profdr musri masman msc teliti ganja aceh  ganja tangkal corona  covidindonesia teungkujamaica,1
video rapat angkat tenaga honorer pns alhamdulillah putus menpan baru februari honorer pk pegawai non pns angkat pns minmal kerja,1
tradisi bersih makam thailand kelompok orang thailand konsumsi daging orang nigeria bersamasama,1
alfamart sumbang kupon bantu lawan covid alfamart  sumbang kupon gratis nila rp bantu lawan covid ambil voucher,1
spdp prabowo subianto sangka makar surat pemberitahuan lidi spdp prabowo sangka makar ,1
guna salah video post jadi dmedan tni au siksa cina kturunan  jadi dmedan tni au siksa cina kturunan sipelaku tangkap ,1
call breathing call breathing,0
ubah suara hitung kpu oleh suara aniessandi kurang suara ubah suara hitung kpu oleh suara aniessandi kurang suara,1
uap air panas bunuh virus corona pakarpakar cina kesah nafas dg uap air bunuh virus corona paruparu tekak hidung virus tolak unsur suhu uap air hangat silah coba sebar info luas jaring medsos,1
video hasil operasi usus buntu penuh boba hasil operasi usus buntu dapat bubble tea yg hancur  xi bo ba  kurang kunsumsi bubble tea lambat,1
jalan tol masjid ibadah rubuh jalan tol masjid ibadah rubuh nggk tau masjid sodaqah amal jairiyah nya umat bangun uang umat,1
foto surat blokir rekening edar bca angkat bicara senior vice president corporate communicatiobs bca dwi arini  kait edar surat pemberitahuan blokir rekening data valid informasi keluar pt bank central asia tbk ,0
pulau natuna caplok china perintah diam natuna caplok china media yg abal andal clickbait drpada recheck sengaja judul d bombastis sexy yg click,1
gambar jokowi manah sunti ahok artikel cnbc indonesia otaq otaq nyawa rakyat klinci coba kalo binatang sih gpp,1
tugas pintu tol bekas tolak transaksi uang tunai tugas pintu tol bekas tolak transaksi uang tunai,1
jj rizal bantah tim timbang monas jj rizal ban nama masuk tim timbang monas surat angkat perintah provinsi dki jakarta,1
imigran china sengaja bawa virus tuju basmi rakyat imigran cn sengaja bawa virus sunti anti bodi tubuh tuju basmi rakyat bukti satu warga cn kena virus corona indonesia,1
ketik gratula akaun facebook dlm selamat terbaiklamark zuckerberg ketua pegawai eksekutif facebook cipta kata gratula akaun facebook dlm selamat taip gratula komen merahakaun selamatjika tukar warna merah sila tukar lalu facebook andaakaun hack congratulations kpd yg warna merah,0
fbi menggrebek sinagoge yahudi new york orang yahudi sembunyi ribu masker fbi menggrebek sinagoge ibadah yahudi new york orang yahudi sembunyi ribu masker rumah sakit masker jenis n moral kenal zaman kuno,1
polisi aniaya korban mahasiswa sajatapi coba lihat vidio polisi jg aniaya pukul spt itu jgn nilai satu sisi adil,1
masjid bakar masjid bakar islam komen aamiin ya allah selamat rumah api aamiin bagi grup doa,1
sumbat usus konsumsi mie spaghetti singkir dokter operasi video ambil dr harish shukla apollo hospitals beliau sistem cerna usus cerna makan jenis mie spaghetti  sumbat usus konsumsi mie spaghetti singkir dokter operasi takut,1
orang maling terjun wilayah tanggung waspada level awas malam kabar maling orang semarang sebar wilayah tanggung waspada berita hoax ya,0
kemarin perintah putus larang mudik lebaran perintah putus larang mudik lebaran,1
pakai masker yg kelirutermasuk,1
tulis prof dr tina afiatin mpsi pokemon go prof dr tina afiatin mpsi dekan fakultas psikologi ugm ancam serius game pokemon go dunia booming injeksi  bodoh  nama aplikasi game pokemon go,1
dpr bantah umum terima taa saa informasi atas hoax setjen bk dpr ri keluar umum informasi umum resmi terima ta saa dpr ri umum web resmi dpr ri,1
tagor nainggolan cecunguk jongos luhut banser panjaitan tagor nainggolan cecunguk jongos luhut banser panjaitan tagor ketua asosiasi angkot yg lantang kritik bijak gubernur anies sandi si jago komen  pki  tegak hukum nih polisi pade kemane nih jawab polisi nihhpolisi meeting james riyadi lippogroupuntuk menang calon gubernur pkiehh maafpdip pilkada jabar ide status via umca editor  hsz,1
dirut garuda ari askhara anggota bin informasi eks direktur utama garuda i gusti ngurah askhara danadiputra ari askhara anggota bin badan intelijen negara,1
polisi desersi jebak huni rumah narkotika kemarin jam wib shock dengkul lemes tibatiba datang tamu orang,1
foto barack obama anthony fauci melinda gates unjung pabrik coronavirus laboratorium cina wuhan foto gambar laboratorium cina wuhan barack obama anthony fauci melinda gates unjung  pabrik virus  periksa maju teliti coronavirus,1
destinasi wisata jogja tutup tgl maret destinasi wisata jogja tutup dr tgl sd maret,1
hasil buntung tangan buntung tugas  situng  kpu hitung dasar pesan hasil buntung tangan buntung,1
klarifikasi video viral polisi tendang muka ibuibu  polisi hebat yg hajar buah mini market gara  hp anak senggol anak tsb pecah mudah  n oknum polisi temu jalan ,1
satanisme buah suntik darah kandung hiv ingat buahbuahan yg d dlam  y kandung warna aneh merah dalam d makan kelompok orang suntik buah darah kandung hiv aids tuju bunuh juta orang dunia satanisme share km peduli ya,1
foto bayar pdip ribu suruh demo balaikota modyar virus corono udh smpe t inter be safe guys ,1
tuju tuju jajah apel siaga pdip  tuju   tuju jajah  apel siaga pdip,1
wapres rakyat bayar iur naik bpjs dosa turun ampun wapres rakyat bayar iur naik bpjs dosa turun ampun,1
foto post presiden chechnya dukung prabowo sandi presiden chechnya dukung prabowo sandikereeeennn,1
garam masak racun garam masak masak salah banyak orang indonesia masak garam masuk garam masakan masakan didih panas sebab garam rcuntoksik garam masak garam sebab asid membhayakan sehat undang sakit kandung yodium garam hilang yodium manfaat sehat tubuh,1
depan mata badan tegap potong tentara bahasa mandarin depan matabadan tegap potong tentaraberbahasa mandarinmereka kumpul pintu kedatangansedang bagi kartu ukur ktp bungkus kerta putih org lokal yg baju batik coklatketika sy ambil bbrp gambar mrk curiga bagi kartu laku tempat,1
bongkar bandara indonesia jalan masuk emigran china bongkar bandara indonesia jalan masuk emigran china rahasia rezim jokowi serang virus corona mati masuk indonesia emigran china bandara wilayah indonesia ikat dokter indonesia idi rilis bandara tahu papar virus corona rahasia perintah,1
sebut adzan video wawancara selamat thailand mention of adzan in interview video by a rescuer in thailand proses evakuasi orang remaja orang guru yg hilang jebak gua batas thailand myanmar,1
bakar bendera pdip kaos gambar banteng go publik arab saudi bakar bendera pdip kaos gambar banteng go publik hadir arab saudi,1
pakar it video porno dpr rekayasa pakar it video porno dpr rekayasa,1
presiden jokowi fadli zon kritik utang perintah dpr ri dprd bubar presiden jokowi fadli zon kritik utang perintah dpr ri dprd bubar indonesia hemat ratus triliun indonesia tambah negara maju,0
video pusat judi besar arab saudi arabia astagfirullahal  azim mari bersamasama lindung allah swt ini pusat judi besar arab saudi arabia resmi jeddah fatwa mufti wahaby khiamatsemakindekat,1
anis nyimak dengar keluh warga yg dampak utang anis nyimak dengar keluh warga yg dampak utang,1
foto gambar pandang anak zaman anake sopo iki pinter tenan lek gambar pandang anak pintar gambar pandang,1
viral botol minum ledak klarifikasi floridina product manager floridina devi chrisnatalia floridina minum sifat asam potensi ledak botol minum buka ikut anjur simpan devi informasi kemas botol floridina habis minum jam buka minum buka simpan lemari es,0
tanding liga psis semarang vs baya selenggara tonton panitia laksana tanding psis unggah berita mohon suporter makan kabar panpel jual tiket menghimbau suporter psis baya saksi tanding tayang langsung indosiar psis,0
suasana kali sunter aniesdimana suasana kali sunter pos kotatrus gubernur pimpin ngapain aniesdimana,1
datang tka model rambut cepak datang tka model rambut cepak batam suta tunggu ektp vidio tata pilih paslon presiden bahasa mandarin,1
tragis biksu tewas serang buaya kejar tembak ungsi rohingya etnis rohingya lari bangladesh peluang selamat tewas besar sungai naf teluk benggala arus deras penuh buaya tambah kejar berondong peluru militer biksu ikut wirathu,1
awas hatihati semprot fpi virus corona awas hati dimsemprotkan fpi virus corona,1
lapor who corona virus tahan lapis kubis dengar lapor who corona virus tahan lapis kubis virus tinggal jam kubis virus jam,1
cek fakta presiden turki erdogan aku menang jokowi pilpres erdogan aku menang jokowi,1
laetrile alias amygdalin vitamin b satusatunya obat sembuh kanker tahu sakit kanker kanker timbul kurang vitamin b sebab,1
pasien kanker lempar uang koridor rumah sakit harta poto ambil rumah sakit habrintiongkokseorang pasien kanker bawa tas penuh uang dokter selamat hidup uang bayar dokter bilang apa kanker stadium akhirdia marah frustasi lempar uang koridor rumah sakit teriak  guna milik uang guna milik uang uang beli kesehatanuang beli waktuuang beli hidup sungguh ajar selau jaga sehat amal baik bekal akhirat berdoasupaya umur manfaat orang pendek,1
monas bundar hi dasyat buka gbk monas bundar hi masyarakat optimis masyarakat indonesia bubar masyarakat lanjut hasil kerja keras yg selsai masyarakat indonesia no  kasih kendor gas pol indonesia maju,1
tips hindar informasi berita palsu informasi berita palsu sebar luas sumber hindar informasi salah hindar informasi berita palsu,0
dki jakarta besok lock down warga jakarta boleh masuk kecuali izin polisi dki jakarta besok lock down warga jakarta boleh masuk kecuali izin polisi,1
tips nyaring hoax media sosial tips ampuh nyaring hoax media sosial bagi  baca judul  baca narasi postingannya lihat alamat urlnya  lihat nama tulis susun tim redaksi  isi artikel portal bagi jalan narasi postingan judul sumber tulis,0
kota myanmar kota kutuk akibat buat kota myanmar kota kutuk akibat buat allah badai islam komen aamiin ya allah lindung saudara islam dunia aamiin islam bagikanshare ,1
culik anak pakai mukena putih bekas yg anak hati hati ya daerah bekas pondok timur alamanda babakan mutiara gading timur edar wanita pakai mukena putih incar anak anak culik kembali dalem lemas pucat karna salah organ tubuh nya ambil tolong share yy kawan,1
google ubah foke ahok sungai bersih jakarta orang kerja tim cyber nya ahok bener ga sih hoax,0
video pria inggris benci islam pecah kaca jendela masjid pria inggris benci islam pecah kaca jendela masjid allah langsung balas tonton video selesai,1
deaign rumah yg jangkau deaign rumah yg jangkau riba bi checking bank harga milyaran jt  jt dp itu dpnya cicil bangun full dp amanah tanggung jawab riba bonus tv  ,1
klarifikasi perpusnas kait undang temu wicara isbn desember jakarta selamat malam sahabatpustaka mimim terima berita bohongterkait giat perpusnas edar surat informasi acara  temu wicara isbn  rabukamis desember hotel bidakara jakarta xx informasi giat temu wicara terbit laksana rabu desember aula perpusnas salemba jakarta sahabatpustaka terima surat undang abai yah salam literasi,0
bmkg bantah gempa lombok picu gempa megatrhust selatan jawa selat sunda jelas bmkg kait video viral gempa megathrust jakarta kait peristiwa gempa lombok m,0
fotofoto musnah alquan karpet kait islam turkestan timur cina bakar alqurankitab kitab agama karpet kait islam turkestan timur alqur  an bakar eropa dunia bangkit orang turkestan timur ribu alqur  an bakar sesal,1
pancasila ubah jdi bahasa cina jokowi yg mulia ngga dngan kapolri indonesia knpa pancasila ubah jdi bahasa cina ngga ikhlas yg mndirikan pancasila tuh ulama knapa jdi ubah bahasa asing miris dngernya,1
anggota fpi laku curi jakarta dalih sweeping anggota ormas fpi curi kamar hotel jakarta,0
smrc bantah laku quick count pilbup pinrang  survei edar pasti hoaks rugi lembaga  riswadi rabu,0
pucuk surat teman arab saudi judul artikel bahas ttg  cinta segitiga  yg ujung indonesia yg proarab arab teluk barat as,1
tentara malaysia terjun palestina lindung alaqsa tentara malaysia terjun palestina,1
gubernur jatim khofifah indar parawansa masuk timses prabowo sandi subhanaallah khofifah  masuk timses prabowo  sandi tulus ikhlas indonesia,1
nyimeng arif lokal kangkung gari indonesia mendaptkannya mudah cobacoba tanam jual beli kangkung amerika serikat amerika tanam larang milik izin kangkung daftar gulma federal bahaya bentuk air tawar iklim tropis,1
megawati bongkar nama nama langgan alexis publik coreng nama jabat negara berita nusantara  ketua pdi juang megawati soekarno putri manajemen hotel alexis buka nama langgan griya pijat pasca tutup perintah provinsi dki hal coreng nama jabat negara,1
foto bos nya pki mulut orang pki muncul bos nya pki mulut orang pki muncul,1
info pasien yg sembuh rs sahabat info pasien yg sembuh rs sahabat sana minum vit c vitamin e jam  jemur menit telur butir istirahattidur yg min jam minum air putih min lt makan minum hangat dingin,1
alcohol kill coronavirus  wowww  ayooo  then the culture of the cap tikus ancestor must be abolished  think first  peace  note for more information i can get this directly from my facebook thank you  in the picture there is the cnn logo also the narration  alcohol kill coronavirus ,1
polda metro jaya resmi rilis dpo persekusi anggota banser nu polda metro jaya dpo daftar cari orang mr x laku persekusi banser nu pondok pinang jaksel jadi des jam wib temu ada orang hubung humas polda metro ,1
video preman merak geesper maaf anggota tni tantang kelah tantang anggota tni puluh preman terminal merak hajar babak bur,1
ptpura barutama usaha yg order cetak uang nama ptpura barutama hangat bincang usaha yg order cetak uang,1
foto sandiaga uno bawa dokumen sejarah hitam dki sejarah hitam dki gubernur yg istri selingkuh gubernur penjara   yg mr tukul,1
situs tamshnewscom jokowi pakai dana haji rp t,1
kertas happy lsd edar anakanak warning drugs model lsd kenal dgn nama  kertas happy  model bentuk tarik manis permenefek halusinasi,1
jenius minum ajinomoto jenius minum ajinomoto,0
pt mrt klarifikasi perihal bakar stasiun lebak bulus informasi media massa sosial media bakar korsleting,0
bi bantah keluar uang stempel ganti presiden prabowo satria pingit  bi keluar uang rupiah stempel ganti presiden prabowo subianto  deputi direktur kantor wakil bi provinsi sulawesi utara sulut buwono budi santoso manado jumat,1
hoax panglima tni kirim pasu independen panglima tni gatot nurmantyo sibuk kecam kers bantai muslim rohingnya,0
acara parade budaya kitaindonesia tanding aksi media sosial portal daring risi narasi klaim acara kitaindonesia parade budaya ada tanggal desember aksi tanding aksi damai tanggal desember,0
bantu saudara kirim fotto whatshaap bayi lahir buta awat donasi sen whatsapp kumpul dana kali gambar bagi silah bagi,1
klarifikasi kepala bkpsdm kabupaten pamekasan kait isu terima aparatur sipil negara pamekasan pusat turun kabar terima asn pamekasan kabar palsu,0
teman kelas angkat kuliah fakultas hutan ugm testimoni jokowi teman kelas angkat fakultas hutan ugm testimoni jokowi dahulu pas kuliah,1
jasad saddam hussein utuh kubur assalamu  alaikum wallahu akbar  bongkar jenazah saddam husain presiden iraq kuasa  juli maret  kubur saddam husein buka pindah desa subhanallah mayitnya utuh kubur usia wafat wajah singkap darah beliau segar cium dari aroma wangi sebab orang rebut cium seraya pekik takbir tahlil gema beliau kubur disholati ratus kaum muslimin saksi prosesi pindah jasad beliau allahu akbar  moga beliau luas ampun rahmat golong syuhada  hadap allah azza wajalla aamiin ,1
tito insyaallah depan publik percaya polri ulama  gmn tito insyaallah depan publik percaya polri ulama ,0
ribu ikan mati tepi pantai bal lo tuh ikan bal mati pinggir pantai bnpbindonesia,1
sakit hati gua bule kagak kenal my presiden sakit hati gua bule kagak kenal my presiden,1
video mati tembak jenazah juang syahid imam samudera segar pindah kubur imam samudera projek lebar jalan mati tembak firing squad perintah indonesia tanggal nov jenazah juang syahid imam samudera segar tidur beliau jatuh hukum mati bom kelab malam bal,1
gubernur jabar ridwan kamil bantah cuit sekolah pinter biar gajadi polisi klarifikasi edar hoaks adu domba moga allah ampun sebar fitnah moga pahala dunia pindah,0
video tahlil nu fosil jokowimaruf kalah yai fitnam kata pilih si mbah dzikir tahlil hapus maksud coba blunder mbok ya jgn banget video bang sandiaga uno cawapres yg santun cerdas martabat,1
klarifikasi kbri ppln singapura kait isu tki bayar dollar hak pilih proses milu gratis daftar mungut suara pungut biaya apa,0
wapres ikhlas dana haji pakai perintah masuk surga dengerin noh simbah ngomong dana haji ndak berangkat tanah suci ikhlas dana haji pakai perintah tiket surga genggam tangan,1
indonesia istilah tuyul hati jln mall sj kl ketemu org bawa boneka inijanganlah dekatin mrk pegang bonekany mengucpkan  lucu atau cantik pd boneka  krn boneka adlh boneka thailand yg isinyakuasa gelapsetankl indonesia istilah tuyul,1
aksi demo tolak tka pukul mahasiswa polisi tewas demo tolak tka,1
presiden uni afrika al aid ein al wadiyah bin haffaz al wadiyah pidato delegasi dunia pbb negara tolak jokowi presiden indonesia alhamdulillah amin yaroballalamin share temen fb wa lupa cantum tagar alwadiyah,1
indomaret alfamart milik naga alhamdulillah viral info bantu share ya bagi info wikipedia  indomaret indonesia transaksi ambil ratarata rupiah kembali biar x rupiah x transaksi menit x transaksi indonesia jam x x rp x indomaret rpjam wooow mudah tanoe,0
keluarga infeksi covid hadir acara ulang ambil hikmah keluarga ini baca sampe abis gara gara acara ulang keluarga kilas info lingkar merah tgl tinggal lingkar kuning tinggal suami kritis lingkar birulagi karantina mandiri kuningan minggu yg ada acara kumpul keluarga hadir ultah keluarga cirebon indah foto adik kakak tinggal covid suami skrg sdh positif ngadain bday party tau carrier keluarga aman nggak tau ya hari ketemu aja anggap sanak keluarga tdk kena yg muda suru tinggal rumah tinggal rumah pandang enteng kasiang krena anak saudara teman teman teman torang nintau so kontaminasi belum jgn harap le teman ato sodara kecuali stay rumah trus percaya le,1
bpjs ketenagakerjaan edar sms beri hadiah dana bantu himbau masyarakat waspada mudah tipu bentuk tawar mengatasnamakan institusi bpjs ketenagakerjaan minta arah serta bayar biaya nominal motif tipu,0
kabareskrim usut goreng isu jadi teror muka agama kabareskrim usut goreng isu jadi teror muka agama,0
virus obat hydroxychloroquine zinc zithromax this virus has a cure it is called hydroxychloroquine zinc and zithromax i know you people want to talk about a mask hello you don  t need a mask there is a cure i know they don  t want to open schools no you don  t need people to be locked down there is prevention and there is a cure,1
bocah pulung tinggal lapar mirisskasihan info bocah pulung tinggal karna kelaparanbelum daerah jokowiinonesiatweetkakseto,1
jebol siber rp triliun bank mandiri bangkrut sumber bank mandiri liang bangkrut pasal teknis aman sistem it bank mandiri pulih jadi murni akibat serang mandiri,1
google voting nama israel palestina peta google voting nama  israel   palestina  peta google earth suara penting israel tolong kirim kontak ad hpmu pilih palestina buka website pilih bendera palestina,0
sekjen pbb ucap selamat prabowo pilih presiden ri kabartoday pbb  lansir new york kalbarxinhuaoana  sekretaris jenderal pbb pedro coelho minggu kaget publik dunia internasional,1
abu vulkanik bunuh virus corona kandung asam sulfat rapi erupsi gk  keluar  aman abu vulkanik nya bunuh virus congorna ehhcoronakarna kandung asam sulfat,1
cukong china juluk naga timses tolong yah  soal mohon cerah bener cukong china juluk naga timses ,1
tni gagal selundup ribu senjata api pakai nama presiden tni gagal selundup ribu senjata api  pakai nama presiden  hak foto documentasi duniaekspresscom innews gagal rencana selundup ribu senjata api senpi indonesia tentara nasional indonesia tni apresiasi warganet musisi nama ahmad dhani selundup catut nama presiden jokowi aku,1
coba itudibayar brapa emak emak brani buat spt ituurusan capres gak inget hijab baris emakemak militan gl pro ancam telanjang bawaslu kpu milu curang,0
prabowo usia kuliah amerika serikat beasiswa assalamu  alaikum warahmatulalahi wabarakatuh mari kenal kenal sayang kenal kejang akal sehat nya udah hilang,1
ka tulis hurufbahasa china indonesia china,1
game gratis tanggal februari free resident evil february,1
meme video mahfud md dukung prabowo sandi pilpres dukung prabowo subianto indonesia butuh pimpin ikhlas angkat rakyat puruk,1
jackie chan kabar karantina infeksi corona jackie chan kabar karantina infeksi corona kabar sedap salah aktor nama hong kong jackie chan aktor laga legendaris kabar karantina infeksi virus corona,1
mandi sebab mati dadak haram hukum mandi sebab mati dadak,1
nu nw ntb saudara  selesai urus baca bohong nu nw saudara beda akidah akhlak  syuriah nu ntb tgh ma  arif makmun minggu,1
prosesi nikah jenis gereja momen prosesi nikah jenis gereja kristiani sekali indah nya bagi lap kringet,1
awan tanda kiamat fenomena awan langkahapakah tanda kiamat moga lindung maha kuasa aminn,1
tinggal covid saudara tunggu adopsi papa mama tinggal krn covid saudara kandung nunggu adopsi budiman,1
foto kota kota dunia corona dera jakarta beda kota kota dunia corona dera jakarta beda nekat erti atau,1
menteri pupr klarifikasi perihal isu pengambilalihan proyek enam ruas tol dki jakarta ambilalih mohon cek bahasa tol urus bpjt pupr pemda,1
isis serang kota quaragosh kota populasi kristen besar irak isis rebut kota quaragosh kota dgn populasi kristen besar irak ratus laki wanita anak penggal masyarakat sana doa negeri,1
malam uu suara azan sah perintah jokowi tindak langgar uu malam uu suara azan sah barang yg ganggu dgn suara azan lapor aparat dekat dn perintah jokowi tindak langgar uu yg tanggung suara azan yg keras ustat urus masjid,1
jajak dapat google joko widodo anggap layak pimpin periode joko widodo anggap layak pimpin periode tuju isi polling cepat dukung presiden joko widodo pimpin indonesia kuat ketua dewan timbang presiden sri adiningsih alas presiden joko widodo jokowi periode kerja jokowi jaga stabilitas ekonomi turun angka anggur,1
selamat mba puput lahir putra mba puput putra nya btp kado indah ahok ahok tuai bahagia batas yg katakata dukung puunn rasa kebahagiannnya alhamdulilaahh junior alarm ahok hadir indonesia selamat yah kooh mba puput lahir putra mba puput putra nya btp,1
mpr kpu sepakat jokowi rakyat diam serius rakyat diam biar rencana wujud ruu hip teriak mulus sah uu jabat presiden jokowi pasuk periode calon periode suka suka jokowi selesai sesuai konstitusi apa akal diutak utik mainmain lembaga lontar kpu mpr,0
malem amerika serikat sholat magrib jamaah mesjid tumpah ruah jalan raya situasi kondisi sikon malem amerika serikat saat masuk sholat magrib masyarakat kaum muslim bondong bondong tunai sholat berjama  ah mesjid tumpah ruah jalan raya hubung covid perintah sempat ummat islam ibadah buka suara volume mesdjid tumben covid amerika suara volume mesjid boleh,1
artis dorce gamalama tinggal dunia bismilillahirrahmanirrahim assalamualaikum warrahmatullahita  ala wa barakatuh temanteman infotainment media elektronika dorce gamalama alhamdulillah ramadan sehat hidup,1
bos samsung buka kedok ekonomi indonesia macet total bawah jkw bos samsung buka kedok jkw ekonomi ri puruk,1
postingan akun facebook lambe turah laku bunuh siswi smk tangkap alhamdulillah laku bunuh siswi smk bogor ketemu motif cemburu,1
nilai kejut agen cia jokowi agent cia steven o  brien jokowi muka,1
xi jinping berterimakasih pilih jokowi presiden kurang anggur china ucap terimakasih dukung jokowi pilih jokowi presiden anggur cina kurang,1
urus imi bantah korban jiwa celaka reli mobil aprc informasi masyarakat alami cedera insiden celaka sumber percaya nyata hoax,0
jokowi insentif kartu pra kerja gaji anggur tipu gak jdi dpt gaji si cebong,1
tingkat sulfur dioksida kota wuhan tanda kremasi massal korban coronavirus indikasi korban jiwa bakar foto satelit baru tingkat sulfur dioksida kota wuhan cina sulfur dioksida so gas lepas bahan organik tubuh manusia bakar tanda kremasi massal korban coronavirus indikasi korban jiwa bakar lapor korban jiwa,1
pln bantah laku madam listrik wilayah makassar halim kramat jati minggu senin september mohon maaf ketidaknyamanannya maryanto kait informasi madam surat pemberitahuan kirim pln bekerjasama mana sewa genset tks  cuit akun twitter pt pln persero pln,1
foto prajurit militer perancis panggang bocah mal pasu anti teror perancis panggang anak mal  negeri muslim afrika  teroris sejati,1
air surut meter labuh banten air laut surut meter waspada tsunami mari doa saudara saudara zona banten karo news berita karo karoberita pkp,0
pandang issue daging hewan kena tbc bebeberapa edar photo daging paru binatang yg viral media sosial yg disebutsebut kandung tbckanker,1
internet internet,0
virus corona jenis jamur mould corona virus jenis jamurmould yg mudah dikembangbiakan skala laboratorium temperatursuhu,1
kkp klarifikasi cacing ikan makerel kaleng  jaring ikat daging tempel tulang lunak ikan panas suhu tekan lepas milik kenampakan cacing mati  tulis terang tulis badan riset sumber daya manusia laut ikan bbrpbkp rilis kkp terima kamis,1
ampo jalan tidar surabaya barusan jam yg gara yasona lauli ngelepas puluh ribu napii rezim koplak sdh kacau apa sengaja ya,1
klaster sebar covid indonesia pendeta gbi gpib klaster sebar covid dgn jejaring besar indonesia pendeta gbi gpib indonesia bawa covid itali israel lapor kerja medis perintah berita media waspada kurang sebar kelompok papar dungu erti resiko dr berita nya ribu pendeta kristen sabang merauke yg papar mrk kelompok  silent mass killers   blow up  media nasional kelompok islam  jamaah tabligh  bbrp orang wajib kyai rapid test bukti negatif gaung perintah tutup mesjid larang sholat jamaah mesjid daerah yg zona resiko aneh ngeri,1
motivator jim rohn jokowi presiden kelam dlm sejarah bangsa indonesia jokowi presiden kelam dlm sejarah bangsa indonesia jim rohn motivator baik dunia,1
christiano ronaldo ubah hotel rs corona christiano ronaldo ubah hotel rs corona,1
rekrutmen kerja pt waskita karya hubung recruitment calon karyawan pt waskita karya persero tbk beritahukan saudara lulus seleksi administrasi kualifikasi wajib ikut rangkai seleksi tes tahap sesuai jadwal,1
klarifikasi polres jembrana kait todong spbu tuwed melaya hoax kece lapang polsek melaya jadi todong unggah facebook,0
putri king salman ga hijab putri king salman is very beautiful ga hijab dosa ga sayang komentar fpi jamin mata kedip dg vitamin,1
foto cawapres akuh cawapres akuhhh cawapres mu,0
bangga pki ngaku nkri cebong goblok dna nembus sperma v,1
pilih pahlawan nasional cetak pecah uang rupiah pilih pahlawan nasional cetak pecah uang rupiah,0
judul artikel habib rizieq ancam hukum mati pancung jgn main negeri org bukan indonesia fpi berani jihad arab,1
edar broadcast jokowi pilkada dki istana berita bohong edar broadcast jokowi pilkada dki istana berita bohong,0
upaya bunuh pangeran arab saudi upaya bunuh pangeran arab saudi,1
dinkes pamekasan santri kadur efek ori difteri depkes paksa vaksinasi,1
soda susu sih paru paru okok soda susu sih paru paru okok,1
video cuit gempa tsunami cuba gempa tsunami cuba batas jamaica pkl pagi januari indonesia,1
mayat positif covid kubur daster tinggal postif covid rsu sembiring medan kubur kubur suka maju stm sesuai protokol sehat peti jenazah maut keluarga buka peti si mayat daster sesuai dgn syariat fardhu kifayah islam yg target cair dana coronapenyakitproyek,1
adu mahkamah internasional jokowi kpu hncur adu mahkamah internasional prabowo menang presiden,1
gambar rancang gedung istana negara palangkaraya rancang istana negara palangkaraya tnipolrijagaindonesia,1
pbb bantu covid negara legal aborsi pbb tolak kirim bantu coronavirus negara prolife kecuali legal aborsi,1
italia kalah covid koagulasi intravaskular mata italia obat coronavirus temu dokter italia patuh hukum sehat dunia who otopsi mati coronavirus temu virus bakteri sebab mati sebab gumpal darah bentuk sebab mati pasien,1
bca cetak struk atm tulis ganti presiden  informasi bpkibu bca tdk cetak struk transaksi dgn terang ganti presiden menghimbau nasabah utk hati hati beritaberita yg benar tks  dian  tulis halobca twitter kamis,1
rekam video warga rejang bong sengat listrik kasat reskrim polres rejang lebong akp chusnul qomar  ya masyarakat tel mentah mentah berita benar asli ,0
jokowi aku gagal pimpin negara jokowi aku gagal pimpin negara   jokowi aku gagal pimpin negara,1
video batas jalan water barrier gerak tol pandaan malang  batas jalan water barrier gerak tol pandaan malang hati kendara lupa doa,1
kantor jeff bezos jeff besoz office in this was jeff bezos  office in everyone starts somewhere keep going,1
kuak pks belai kuak pks belai tubuh petinggi kader pks mas mardanialisera salah hotel dijakarta sumber orang percaya mardanialisera pksmardani,1
idola fm semarang refleksi media sosial pandemi covid ngobrolngobrol idola fm semarang aribowo sasmito ketua komite periksa fakta mafindo kait media sosial rabu jun simak,0
tni buku pki sita antar megawati soekarnoputri eva sundari hati hati pki metode gaya waspadawaspadawaspada,1
suspect coronavirus temu salah terap spa hotel goldenhands kelapa gading suspect coronavirus temu salah terap spa hotel goldenhands kelapa gading karantina unjung staf tinggal spa minggu unjung spa tsb minggu harap lapor rs rujuk,1
bunuh demonstran perintah tito bunuh demonstran restu perintah si tito simak video,1
alhamdulillah aceh berangkat haji indonesia alhamudulillah aceh berangkat haji tampa indonesia,1
perintah indonesia laku lockdown maret indonesia laku lockdown malam jumat wib kamis wib lockdown tinggal jam,1
corona masuk tb telaga bestari pramugari lion air sdh infeksi rawat rs annisa info baru corona masuk tb telaga bestari pramugari lion air sdh infeksi rawat rs annisa himbau tdk jln tb citra raya udh masuk tangerang,1
gatot nurmantyo copot panglima tni gagal selundup senjata cina ingat tangkap selundup container senjata ilegal cina copot jabat panglima situ paham tentang halang rencana busuk hancur negeri copot,1
foto sirkuit mandalika ntb insya allah sirkuit mandalika ntb guna bikin balap motto gp akan balap jalan raya,1
mahasiswa bantu kodam damping gelar unjuk maklumat tni rakyat indonesia kapuspen mabes tni mayjen sisriadi,1
psi bantah calegnya wajib beli kartu sakti nggak wajib caleg beli kartu sakti mohon maap nih main fitnah aja donasi kartu sakti nominal ribu,1
malam gempa waspada kiamat dekat malam desember wib gempa tsunami indonesia dunia dihimbau masyarakat dunia taubat makmur masjid jalan sholat mati iman taqwa alloh swt rosulnya amin,0
selebaran poster acara nobat miss waria banten miss waria banten,0
situbondo lockdown situbondo lockdown mala mini jaga gabung tni polri pemkab titik,1
monumen ondelondel mayor kreasi anak bangsa nama anies baswedan monumen ondelondel mayor kreasi anak bangsa nama anies baswedan,1
keren empat lampu merah pasang video mapping keren empat lampu merah pasang video mapping,1
negara ente gadai china komunis jokowi masyarakat mata uang yuan thiongkok,1
klarifikasi pondok pesantren almunawwir krapyak berita jpnn asuh pondok pesantren al munawwir krapyak yogyakarta ban joko widodo alias jokowi deadline kait pasti muhaimin iskandar panggil cak imin cawapres jokowi,0
klarifikasi polisi kait rumor korban bunuh pendeta henderson hamil kapolres serdang akbp eddy suryantha tarigan  sesuai hasil otopsi korban hamil korban hamil hasil otopsinya terima ,1
video after lockdown maradona video after lockdown maradona,1
salah solusi virus cangkir teh sederhana dr li wenliang dokter pahlawan tiongkok yg hukum yg virus corona tinggal sakit yg dokumentasi kasusfile tuju teliti kasusfile usul sembuh yg signifikan kurang dampak covid  virus tubuh manusia,1
kartu identitas mossad hendro priyono duga kaum ikut dajjal serang islam babi buta dajjal hamba dajjal dn iblis naudzubillah manusia laknatullah huni neraka jahanam,1
new zealand herald kecam jokowi anggap leceh perintah rakyat selandia malu aaach sudah  ,1
yusril nyata jokowi presiden pasca kuasa hukum jokowi maruf duh melek dia kemaren mk ngapaian,1
btw listrik diem tu cebong ngeluh gk ya btw listrik diem tu cebong yg ngeluh gk ya,1
homo lesbi lindung hukum uu heran indonesia mayoritas muslim kelompok homo lesbi lindung hukum uu,1
video judul melayu singapura negeri ambil orang melayu singapura  negeri ambil orang  singapura kota sederhana muslim bebas bahagia suara aji suara adzan kecuali masjid masjid kota mallmall sedia sholat bebas makan suka makan halal susah cari kecuali kampungkampung kota bawa bekal mesti puasa makan lihat halal bahasa melayu pakai orang cakap inggris mandarin negeri ambil orang,1
video orang amerika teriak vote jokowi protes sungguh bangga rakyat jokowi cebongers orang amerika teriak  vote jokowi  protes vote jokowi vote jokowi vote jokowi,1
pajak motormobil mati polisi hak tilang pajak urus polisi dispenda pajak polisi hak tilang,0
spanduk logo pks hti tulis ganti presiden ganti sistem khilafah islamiyah spanduk tsb jl suprapto daerah tanah  senen,1
sby dukung kerja perintah jokowi sby dukung kerja perintah jokowi,1
klarifikasi temu tim investigasi unnes kait duga plagiarisme rektor unnes fathur rokhman plagiat,0
video kondisi wuhan kini langsung tembak mati kena corona neraka china kondisi wuhan kini langsung tembak mati  kena corona neraka china,1
bandara kertajati majalengka hadiah jokowi provinsi syaringah indonesia bandara kertajati  majalengka hadiah jokowi provinsi  syaringah  indonesia salah balas manis provinsi mana jokowi sang presiden indonesia pilih kalah pilpres jokowi bukti benarbenar nyata salah alas jabar tang pimpin jalan perintah pusat jawa barat buka mata buka telinga pakai hati nurani jokowi periode jkwpjkwpdag tetapjokowi samuel tanujaya,1
video erdogan kirim pasu india erdogan kirim pasu india erdogan kejaan islam erdogankirimpasukanerdogankejaanislamerdogankirimpasukankeindia,1
pose jari l pln sripeni inten plt dirut pln tanggung madam massal buruk,1
pria china makan sup janin umum niat tuju makan orangsebagai protes gagas moral umat manusia nggak makan orang,1
indonesia bodoh air mineral teliti harvard university tambah temu betapa bahaya air mineral kandung flourida air mineral aqua punya danone aqua saham beli danone kandung zat flourida,1
ajar rumah tvri murid cekok mimbar katolik jadwal kelas sd jam kelas sd jam jeda jam jam nongol mimbar katolik ajar tvri senin april tanya murid sd indonesia orang tua indonesia sengaja cekok mimbar katolik,1
titiek soeharto wakil delegasi indonesia sidang pbb h kalla pandang istimewa gedung pbb hkalla wakil delegasi indonesia real berkaryainfo,1
cheetah incar anak tahu rusa makan gerombol cheetah nampak tenang tatap tajam,1
gemuruh suara asteroid lintas ask asteroid cb asteroidcb suara gemuruh suaragemuruh jawabarat nasa mohon cerah teman teman kait cakap grup fb suara gemuruh jawa barat malam suara asteroid lintas cari berita link hubung nasa pantau  datang  asteroid ukur meter malam asteroid lintas jarak temu berita bahas suara gemuruh malam,0
hotman paris rencana undang bts exo virus corona atas rencana ngundang boyband btstwt weareoneexo indonesia corona kondusif yg suka bts exo beliin album lightsticknya orang aja dmin asisten,1
temu es batu main petak umpet dicariin kmana gak tau temu dalam lemari es kulkas gak buka dr temu es batu perhati ya anaknyacucunya kalo main,1
pesan beranta nama bank bri assalamualaikum wrwb numpang bagi aja mhn maaf luar urus syarah yg mengatasnamakan bri baca teman pagi terima sms kirim  bri  nomer hp,1
foto habis demo kumpul yuuu biang kerok demo kadrun habis demo kumpul yuuu biang kerok demo  kadrun  kenal yg pake kemeja kotak,1
gengsi lalu infrastruktur jokowi truk tim prabowo lelah njegur sawah dokumen curang pilpres raib jarah breakingnews gengsi lalu infrastruktur jokowi truk tim prabowo lelah  njegur  sawah dokumen curang pilpres raib jarah,1
pelintir konteks video prabowo tari sajojo prabowo selamat ya  video  selamat prabowo ulama enak bebas jokowilagi ,1
postingan pesan gus dur didik anak pesan gus dur didik anak susu baca ayat kursi alikhlas alfalaq annas mengulangulang baca kali ajar anak bicara  radhitu billahi rabba wabil islami dina wabi muhammadin nabiyya wa rasula  ajak anakanak malam yg subuh masjid biasa pasuk bulanbulan berkah ramadhan kumpul anakanak kerja yg berkah amal baca alqur  an dzikir sedekah dll ajar anakanak niatniat ajar surat al fatihah ada majelis ilmu rumah kumpul yangdi rumah harianmingguan baca al qur  an al karim tadarrus kitab hadits fiqih tutup majelis do  a shalawat nabi muhammad saw masuk baligh anak anak kalausudah mukallaf malaikat catat baik jelek tulis ucap buat ada raya hadir ulama  tunda nikah anakanak baligh khawatir jerumus maksiat ajar anakanak berdo  a mohon allah anak orangtuanya anak wudhu  sholat rokaat minta allah hajathajatmu shalat orangtua anak seraya sungguh allah kabul do  amu bagi tugas anak tugas belanja pasar sapu rumah tugas layan tamu ambil air dsb perhati ajar putriputri lakilaki anak perempuan rumah,1
jus jahe lada hitam sembuh covid mahasiswa indian universitas pondicherry nama ramu temu obat rumah covid kali terima who,1
klarifikasi sms nomor handphone ustadz abdul somad dukung paslon bismillahirrahmanirrahim uas dukung paslon dasar timbang umat masyarakat riau,0
paspor indonesia hologram bintang garuda paspor indonesia yg hologram bintang garuda tunda panjang paspor gila nih rezim,1
joe ramadhan hina alm mbah moen reporter tvone tegas nama joe ramadhan catat karyawan jaring wartawan kontributor tvone indonesia negeri,0
demo tolak tka cina solok awal bakar perahu warga aparat tanda gejala jabat pusat daerah lindung apa laku orang cina masyarakat solok marah bakar,1
surat tetap berangkat haji surat tetap berangkat haji hubung datang musim haji sesuai data sistem komputerisasi haji siskohaji menteri agama ri tetap berangkat calon jamaah haji ubah kemudi bawah nama renaldy ririn bin ririn tanggal lahir bukit april alamat cipinang rt lurah cipinang camat pulogadung jakarta timur no spph no porsi kloter embarkasi dki jakarta surat tetap mesti jakarta nopember tri agama ri selenggara haji umroh dr h nursyam ma ,0
semut makan otak manusia masuk telinga sila baca beritahu temanteman keluarga selamat nyawa orang,1
video ledak pabrik kembang api labuh beirut lebanon prediksi the simpson ledak pabrik kembang api labuh beirut lebanon prediksi the simpson,1
ali mochtar ngabalin serang stroke doa tegur keras ngabalin serang stroke makan do  a nya,1
aktor javed haider jual sayur kerja akibat pandemi covid he is an actor aaj woh sabzi bech raha hain javed hyder  terjemah  hai aktor jual sayur javed haider ,1
yogyakarta referendum aceh yogyakarta referendum yg negri,1
jokowi restu wna duduk jabat direksi bumn menko ekonomi sofyan djalil nilai wacana rekrut warga negara asing duduk jajar direksi direktur utama dirut usaha bumn sahsah menteri bumn rini soemarno,1
pesan beranta lowong kerja guru baca tulis al quran butuh guru baca tulis alquran,0
istana resmi pki boleh indonesia satu selamat nkri kali jokowidodo jabat presiden jokowidodo bijak kali suruh rakyat perintah maaf pki,1
corona mass graves in italy horrifying corona mass graves in italy,1
polisi info culi anak bogor hoaks anak pergi rumah cari tenang apartemen anak culik pergi rumah tanggal november pergi tanggal november hasil temu apartemen jakarta selatan anak orang tua,1
calon kota siang gempa sr guncang kalimantan timur agustus langsung allah,1
m alokasi ada cabut tebak tebaaak m alokasi ada eh cabut a pohon kembali sewa habis b pohon ambil bayar c malu tahu palsu d warga minta palsu buah buah e takut anak trotoar retno tanding,1
video monas ayun gempa guncang jakarta monas berayunayun klaim akibat gempa bumi landa jakarta,1
peaceful days in shanghai peaceful days in shanghai,1
tni bantah rekrut lulus sarjana agama islam jalur papk khusus rohaniwan intelijen selamat pagi sobatpuspen edar wa info spt pasti info tsb hoaxpapktni,1
klarifikasi gubernur anies kait payung presiden jokowi gin foto ambil beda samping jokowi beliau buka payung sisi kanan belakang foto lihat seakanakan payung foto dimensi,0
artis smart faham kondisi nasib rakyat byk artis yg smart faham kondisi nasib rakyat yg puruk gantipresiden,1
video anak gantung ujung jaya sumedang jadi sore ujung jaya sumedang gara locdown ga makan karna ga yg makan karna patuh pmrintahan yg tolol semjak pmrintaha yg skarang bokbrok bagay tanggung jokowi jga antek nya corona hilang kn orang yahudi dngan mnunggangi corona jg pmrintahan,1
macet mudik arus jalan alter macet mudik arus jalan alterinon tolakibat bijak contra flow jalan tol,1
foto virus corona terminal internasional bandara soekarnohatta virus corono udh smpe t inter be safe guys ,1
video yelyel prajurit raider hasil sunting nyanyi prajurit tni nyindir yaa sadar kumis tebal memble he he he edit gak emang macane wis dadi meong,1
bpk kpk telusur beasiswa salur mahasiswa jember smpkkan kpd mahasiswa terima beasiswa skarang bpk badan awas uang ri kpk jakarta utk berkntor pemkab jember dengn maksud tuju sdang lacak guna danakeuangan beasiswa yg sdh salur mahasiswa asal uang negada tgl juni jam wib sdh orang mahasiswa nama sinta yuliatin panggil bpkkpk pemkab jember salah tanya guna uang beasiswa dimintau bukti bayar kuliah uang yg shd masuk buku rekening nya,1
koran inggris koran koran kompas lai melainnkan koran inggris judul warbiasahh udah ngutang gagal eaaa dukung bong,0
judul berita tempoco anies novel jenguk pasang tusuk menkopolhukam wiranto anies novel jenguk pasang tusuk menkopolhukam wiranto  narasi  edan pancen bebas,0
puasa musafir prabowo nikmat kopi puasa musafir prabowo nikmat kopi eh prabowojumatandimana prabowotarawehdimana capres pilih ijtima ulama yg natal,1
pria lingkar biru habib husen bin syihab ayahanda habib riziq syihab fix,0
why does canada refuse to eliminate pork from the school diet why does canada refuse to eliminate pork from the school diet many muslims in canada ask that pigs not be served in the cafeteria canteen and restaurants in montreal motreal governor  s answer like this  finally they muslims in canada must understand that in canada quebec with its judeochristian roots christmas trees churches and religious festivals religion must remain on private territory the municipality of dorval is right to reject any concessions to islam and sharia,1
revolusi mental psi revolusi mental psi by sepeda man,1
rs cancer sumber waras basuki tjahaja purnama rs cancer sumber waras yg janji ahok utk bangun diam ahok bangun yg bangga masyarakat indonesia ahok tepat janji sdh diri gedung jg dmana trdpt fasilitas radiologi yg ckp canggih dgn hrg trjangkau dokter jantung dr jan anak pndiri rs sumber waras prtama,1
jokowi kalah cepat sby kerja bencana gempa aceh mas joko kalah cepat de esbeye mas joko de esbeye pidie aceh beda tni dagang,1
gempa susul potensi tsunami madura pemberitahuan gempa susul himbauan kpd masyarakat madura prediksi gempasunami susul parameter,1
bareskrim tangkap laku ujar benci facebook bareskrim tangkap laku ujar benci facebook,0
sebar fitnah pakai profil anggota kopassus sebar fitnah pakai profil anggota kopassus,1
dokter rsal surabaya tinggal akibat covid duka cita pahlawan medis covid innalillahi rojiun dokter tirka nandadan ugr rsal dr ramelan surabaya wib minggu juni,1
klarifikasi kepala sdn ciumbuleuit tutup foto pimpin negara kertas sdn ciumbuleuit bandung foto presiden wakil presiden tutup kertas foto sekolah dana tanggung negara gurugurunya gaji negara ajar hormat kepala negara ironis aneh sekolah negeri siswisiswinya wajib jilbab masuk kelas eh sekolah negeri lho sekolah swasta islam,1
imunisasi hpv sebab mandul menopause mati dadak remaja perempuan usia waukesha wisconsin jam terima vaksin hpv gardasil keluarga kejut media bertanyatanya,0
dokter gigi surabaya stres telanjang jalan suami anak mati kena covid dokter gigi srby suaminyaama anak nya mati kena covid istri stres sampe telanjang jalan,1
seleksi alam nyawa jam seleksi alam nyawa jam,1
kartu pra kerja anggur gaji asyik kartu nya mending nganggur aj gaji klo begadang uang lembur wkwkwkwk berak kebon,1
baznas pasang spanduk tolak raya natal gereja masyarakat pangandaraan tolak giat raya natal gereja,1
tulis partai komunis indonesia gambar senapan logo uang ribu anggap indonesia d pimpin jokowi,1
banserpdip damai ratus massa baris serba banser kader nu kabupaten banyumas aksi demonstrasi kantor dpc pdip,0
erdogan duduk kursi tamu kursi baba vatikan erdogan vatikan jumpa baba pop vatikan kursi tamu yg duduk erdogan kursi pop lihat lingkar merah erdogan tolak duduk kursi pop awal pop  pimpin dunia jumpa pop duduk kursi erdogan  pimpin negara dunia duduk kursi pimpin negara turkey jaga izzah islam jaya islam,1
bukti curang jokowi sembako edar mana viral video tindak kpu bawaslu tdk pakai fasilitas negara,1
anak sembunyi kolong meja temu presiden joko widodo naluri anak tajam boooss datang manusia bau antagonis hindar jauh,1
uang rp alat tukar kado prank  uang  innformasi sahih  uang  nilai rp ooo alat tukar merchandise uang kenangkenangan ingat ulang merdeka bangsa indonesia,0
indonesia adakan program suami istri indonesia adakan program suami istri tuju istri,1
wali kota kalong tinggal segel masjid  wali kota kalong tinggal segel masjid,1
video merry riana indonesia bubar merry riana bicara turun tiongkok paham,1
temu stempel logo palu arit pemkab morowali imbau warga tenang stempel  palu arit  pt wanxiang morowali sulawesi gubernur usut tni usut polisi,1
taman pagoda tibet bunga mekar sharing is caring taman pagoda  tibet indah cipta ilahi taman tibet nama pagoda,1
edar surat resmi masjid raya jakarta edar surat resmi masjid raya jakarta,1
gebrak menteri sehat gebrak menteri sehat yg dr awan pasien bpjs kondisi darurat masuk tangan serius rumah sakit mana rs bintang bayar kondisi darurat rs bayar pasien kondisi darurat tangan rs maksimal bicara biaya,1
spanduk adekadek korupsi larang gedung kpk adekadek korupsi larang kalo tahu balikin aja psst bilangbilang ya kasih contoh aja sumber waras ,1
video hijau pakistan salah jenis pohon cemara kurma hijau pakistan salah jenis pohon cemara kurma ,1
heboh prasasti sby sejarah bandara lombok  jokowi malu ganti prasasti bandara lombok prasasti bertandatangan video sby resmi bangun dab resmi bandara lombok ,1
daftar lengkap medis rumah hadap covid tips kit medis covid rumah,1
erdogan joko widodo terjun politik jahat isi joko widodo terjun politik jahat isi,1
tentara cina indonesia info tentara cina indonesia  siap,1
narasi jadi aneh tp nyata video potong daging kedut subhanallah jadi aneh tp nyata dusun kami,1
ahokers tuding ubah data kpu ahokers tuding ubah data kpu,0
azab yahudi israel video unggah tanggal juli akun nama mel abdillah foto ss wa isi tulis  rakyat palestina derita serbu tentara israel tahan al aqso rakyat israel pesta pora bar tel aviv dansa tibatiba tanah buka orangorang tel masuk allah murka kaum yahudi  dicapture postingan bagi kali,1
warsito larang riset kanker perintah paksa henti riset dr warsito duga kuat korban kolusi korporasi birokrat negara,1
badai pasir spanduk gantipresiden simak video badai pasir hebat tanah suci mek,1
pt kci klarifikasi kabar tiket kertas gratis stasiun bogor senin juli minta maaf langgan setia,0
akun media sosial palsu nama bank bca goodlifebca bcacoiddibikinsimpel akun resmi instagram pt bank central asia tbk bca daftar awas ojk dibikinsimpel bitlypembukaanrekeningonlineig,0
permen jeli gelatin asal kulit tulang hewan gummies or jelly candy are gelatinbased chewy candy which is made by boiling skin cartilage and bones from animals,1
dagang cina ngamuk jeruk laku akibat wabah corona hahahaa malaysiacina ngamukkrn jerukny ngga yg laku gimana indonesia beli apa produk milik orang china ayo viralkan,1
setya novanto baca teks proklamasi hancur tananan bangsa sangka baca teks proklamasi upacara resmi istana negara,1
divisi humas polri klarifikasi kait pesan beranta paket gelap cod china jogja paket gelap tokorumah jd sasar terima cod cina bilang pesan ktp pinjam foto bawa paket dg alas konfirmasi cina kata,0
kontroler ps buat hidung anjing tahu microsoft hidung anjing bahan buat thumbstick kontrol gamecube kontrol butuh anjing produksi benda,1
poster undang tahlil buka guru budi selamat pagi temanteman informasi aja aksi solidaritas alm budi lapang polres sampang hoax polres sampang ada giat be samrt netizen,0
inasgoc bantah bayar honor tari rato jaroeh asi games  imbal tari rato jaroeh inasgoc hubung sekolah  campur atur internal sekolah  sekretaris jenderal inasgoc indonesia eris heryanto selasa,0
perintah cabut perda nuansa syariah perintah cabut perda nuansa syariah,1
klarifikasi edar surat nyata bank mandiri rekening sofyan basir rp triliun bertanggungjawab tempat saldo rekening nomor,0
nasi padang sumber tular covid nasi padang sumber tular virus covid coba bayang meja tamu mkn dak habis sisa kembali saji lag tamu yg bungkus bekas air liur tamu yg yg virus corona selesai mkn tamu ngobrol hidang meja blm angkat hujan rintik hidang tsb rentang tular virus corola,1
akun instagram mengatasnamakan bnpb sumbang dana akun instagram mengatasnamakan bnpb sumbang dana,0
aksi ganti presiden gabung ronta aceh aksi berontak gantipresiden bahaya ancam indonesia aksi ganti presiden gabung ronta aceh nama gam polisi tni mohon jaga negara cinta,1
video rusuh akibat razia zebra asli indonesia akibat razia zebra ,1
moga bang hotman nyata smoga ap yg dktakan bng hotman mnjadi knyataan nga sabar nunggux serta tangkap layar klaim mpr lantik prabowo oktober,1
sby istri unjung lahan kota langit  susilo bambang yudhoyono istri unjung lahan kota langit karna kenal hasil bumi sayur palawija limpah ruah kenal sarongge sarongge brand kotalangit ,1
foto wapres maruf narasi ajar nipu presiden jokowi kalo urus nipu rakyat jokowi ahli ajar lancar,1
nunggak bpjs urus simstnk kait klarifikasi duduk daftar anggota keluarga tanggal januari kena sanksi administrasi cabut layan publik liput,0
hoax cto traveloka dukung aksi walkout ananda sukarlan acara kolese kanisius cto traveloka dukung aksi walkout ananda sukarlan acara kolese kanisius,1
foto putri presiden rusia vladimir putin orang vaksin vaksin tim dokter rusia putri presiden rusia vladimir putin  orang yg sdh vaksin dgn vaksin yg temu tim dokter rusia vaksin buat cina teladan pimpin negara yg berani ambil resiko putri vaksin vaksin rakyat  ,1
sptmau ngemis suara muslimgak malu spt mau ngemis suara muslim gak malu ,1
foto massa tumpah ruah kepung gedung dpr kait ruu hip moga ruu hip ganti nama apa batal massa rakyat tumpah ruah kepung gedung dpr,1
racun nasi magic com keluar nasi rice cooker sdh matang jam picu diabetesh biasa picu anak derita kanker diabetes,1
lindung saudara muslim rohingya muslim dunia islam komen aamiin ya allah lindung saudara muslim rohingya muslim dunia aamiin sharebagikan bnyk doa ,1
foto serta video pesawat tempur rudal israel arah palestina masjid alaqsa foto serta video pesawat tempur rudal israel arah palestina masjid alaqsa,0
jemput tim medis kakak adik usia tangerang jangkit covid akibat main rumah ditangerang saudara kakak adik usia jangkit covid pulang main luar rumah,1
tanda alam kera putih turun gunung agung tanda alam kera putih turun gunung agung,0
pasar wameo karya nugraha tutup minggu assalamu alaikum  info dagang pasar wameo karya nugraha hasil rapat siang pasar wameo wali kota bau bau pekan senin pasar wameo nugraha tutup minggu hindar kerumun orang pasar sih,1
klarifikasi kpk kait foto setya novanto baju tahan sengaja wib rest area kilometer tol purbaleunyi arah jakarta rombong investigasi gabung wartawan indonesia gwi orang awal mantan ketua dprri setya novanto setnov pidana penjara,0
erdogan aku menang jokowi artikel laman daring aljazeraonline judul  info turki erdogan aku menang jokowi  berita tolak recep tayyip erdogan presiden turki menang calon presiden nomor urut joko widodo pasca menang jokowi dasar hasil hitung cepat lembaga survei,1
